PC1,PC2,PC3,PC4,PC5
0.8882834276128282,0.8826456224809315,0.7556926911351058,0.484298840617097,0.04694326599768264
-0.6931597358948414,-1.0243555149202577,-0.0220070056928895,0.4437658145342264,-0.3063061284625815
-0.5127489741059491,1.3811697798349711,0.10505229629091137,1.1857651282918138,-0.11743355192091987
-0.6033906961104635,-0.2875271519724507,-0.9464688916865877,0.41105396407530564,0.4945671734009082
-1.8704141234454592,0.08719238146399799,-0.41428159983381735,-0.5003484074620815,0.900283257774754
-1.5760624863492074,1.222261497323461,1.3648323596780778,2.044304768160592,0.00154771833056881
0.727491350144726,0.680476318037046,0.7014992289557893,-0.5383080648606852,-0.1478451349643634
0.892031544036967,0.8190265310281218,-0.24494811619251114,2.1062833007774437,0.8672064468948079
0.20518832287595565,-2.592624100521623,2.1558720188973663,-0.13355876730308422,1.2736778554933186
0.008322377019708713,-0.4458711661328881,0.7341522034640144,-2.3100729408755165,2.4059478788871416
-1.3227128638664578,0.3045621349642512,-2.10408185438305,-1.4785769539712568,-0.4673349722903752
2.1316740271067536,0.5947985191857622,-0.4538068891215327,0.608885165168265,0.3223534108918874
-0.39684483297854556,-0.08043013369736224,-2.1621434797760206,0.5591304658073704,-1.2700304621805871
-0.8969847258259259,-0.32837039271160834,-1.2261532997977995,-0.7174196503835852,-0.5246672803387553
0.7495660778289113,-0.572235351147154,-1.8054898699269692,-1.743310626788541,-1.4304809966524559
-1.060475550270851,0.5362552085675033,-0.36516403957262344,-0.7678124152528683,0.5786282851629831
-0.9538295862938271,0.2571666873892404,-0.1759312207668833,0.021369855378473444,-1.1996059986917667
2.8825774776571516,0.9524989621369045,1.1435749590757083,0.3447780102987589,0.13500756638592287
-1.2236860202429176,-1.3321611420050592,-0.07470947224667068,-0.4139857753196589,-1.297303895802955
0.09147936406050645,-0.971113941833896,-0.3807403154228985,-0.11282610525059923,-1.3148523999466801
2.54137789122769,0.222409684859082,-0.2619332211034484,0.38276753262897256,-0.37851775509312596
-0.618278061223561,1.1904532007711413,1.037823141265565,0.6736384753350458,-0.7531444360530348
-0.9686226467633606,-1.3491655848079074,-0.5319832761869758,-1.3086426168372216,0.022148343638803972
1.5066359495402533,1.617630588570515,1.5812188419379722,-2.080573031461292,0.17176278442177556
3.473091305206462,1.7329626841654178,2.1089576619138315,-1.452658046418688,-0.9205417488600462
-1.1061909204500462,0.15836976950152742,-0.4510410540902234,-0.1706710231579313,-1.0881059768029642
-1.591199069268244,0.3925181499294214,0.0737949384394538,0.6977580987824702,-0.49637228270943523
0.09960067941850323,-0.3408796818638661,0.9086175526183253,-0.1393020338839545,1.5391566081526458
0.39198075043365826,-0.7594487233592923,-0.003912483310200253,-1.468240244783333,0.4937704366755914
1.4244127539326847,-0.5140227255999488,-0.8075184768024389,-0.7803453905626552,-0.13990664594087274
2.050394260329033,-1.7050286365569665,-0.030417601797858636,-0.6897523959092082,0.4455449896601554
-0.6797056732821017,0.9627486216305626,0.28096562445844897,1.8622824654345518,-1.929328938726937
0.2971532716277134,0.9823268026682505,-0.14513067823143724,1.0622582132806189,-3.2089935715227487
1.8450961176895915,1.381309760152043,1.9812305705893056,0.8475091251767553,-0.5805534095914119
-1.659058519532155,0.7157937105091575,0.826368690839941,-1.7048019850289668,1.380259145032082
-0.38362746913446155,-1.509219436394004,-0.17065501256258495,-1.0640204624506704,3.150424841257096
0.872634150162349,-0.7272059520143268,0.1836934172086417,1.0941076892287775,0.9157912066128282
-1.617475759514929,0.12469088807994477,0.12820486673801748,0.1243669630557584,0.9489793962592642
-0.1667614544490191,-1.6105215069551442,-0.9501269130416364,-1.0488598288230124,-1.0088450840638228
-0.20418963275148136,-1.9207743215626691,-0.26146171970905885,0.5775734786991154,1.1804479002211645
-3.7337993781747327,1.1286452903605104,-0.976478598509912,-0.17915471347772122,1.5816327494611016
-2.2147207924693646,1.3677315647348378,-0.28104633707522075,-0.16742266514496618,0.7745933499881205
-0.5198775275865121,0.7377399195055993,-0.6225475008334695,0.26279685692233296,1.256305338302719
1.2649260445608461,-1.27496830540268,-0.595478707732677,-0.02055862399739133,0.3992135746125894
-1.0576353144508892,0.1518339818719329,0.8699792040898304,-0.6891222889572934,-0.6169225660902509
0.3557335275279577,-0.24378690047153967,-0.34261654583049644,0.59228533181308,0.21216513439106882
0.5058235535425684,1.3300070598620855,1.257122255015985,-0.3088100147657901,1.0808506842318233
-1.186267141610271,-0.9384755257795941,-1.1687553249849698,-0.4930132735675783,-1.3277448529014433
-1.4627468280147244,0.7505036766609212,1.832581712102071,0.12692896503384304,2.374063003652262
-1.2881928109115923,1.3423505236561857,0.6276671519308572,0.4010562814707654,0.006586068346584659
0.2910593156295898,-0.8119866002835766,-0.16966232896148983,0.6679524238483032,1.4140402253791777
-1.9112962685364117,2.152977098579365,1.430322945328671,0.6098627552159304,0.3272102923405576
1.3851180860472867,-0.4033999554066805,-0.3850174740190953,-0.555085374646708,0.5938584565551811
-1.4084985116993205,0.9710410715454988,0.025215953799804635,0.6911497692555632,1.8333093975682964
-2.2584970796726425,-0.6542641432109663,-0.8852096217601627,0.5949067117906954,0.408373631482843
-0.945822046096216,0.6910490124774434,0.45194519991210097,0.3605210562400521,-0.7400156124551801
1.7325706766414373,0.7252601718915906,2.7771871737803218,0.18763973428890418,0.3771182073744467
1.8459298193235367,1.5886039976408484,-1.4743818572985112,-0.5606315195353144,1.1877806500649946
-0.7762787665217536,2.723350002910374,-0.14035835908350908,1.185305764535772,-0.44062861868520253
-1.746354056145741,-1.353173938359697,-0.20978009431956948,0.43065819652549736,-1.5974717283161328
-1.5107487554900119,-1.5946439587739534,-1.2265922075644675,-0.5858573788962683,-0.08443202870086951
1.059500424814817,2.7986335070120036,-0.035373680156772495,0.07979401799586293,-1.3657846393349218
1.4788179746929206,0.10427549371734596,-0.732143405425281,-1.264285263749354,-0.9336119202168132
1.3424702640853055,1.6674543662558636,0.24541921351654197,-0.35102554896975485,-0.874320890355837
-1.342894551105446,-1.550012083963169,0.9873530250657485,0.3263634453874653,-1.0737831449420332
1.1781305089452916,0.576433560126589,-0.6191253183412302,0.24957930499335557,0.7958596579040088
0.3417080277306059,0.7769003076561476,-0.11194745671962518,-0.23492791186173817,0.05168794679919466
0.2807272738025847,-0.15137906352652894,-1.7625305122556707,0.17653931473173873,-1.7745839419269367
2.3385568794256204,-0.1342903045454335,1.8012240761540368,0.20277543643550405,1.2091069231597151
0.08796380347641174,0.08647571718589392,-0.9008238095258627,-0.09791917637346771,1.5318437455391238
-0.3205632422437355,-0.8864556541961156,-0.7355433370769784,0.845304342996711,-0.9007923086111448
-1.787701247608569,-0.4378793260662299,0.9763969773693281,-0.43010530724767354,2.4691074941116207
-1.522046043913181,0.932158994076359,-1.2141639214977133,0.5610548348331299,0.05807178403946257
1.0941422567137031,-0.8242815466690745,0.46573590458859393,-0.47437710291726914,1.1383346816526163
-1.081255694219676,-0.792811700569668,2.8959133066562983,1.2866380516095393,0.21491811960642132
-0.5432631045552152,0.5328984606992668,1.294916511821541,2.0641231194497935,0.30850422600111466
-0.520108969446514,-0.039594130195262596,-0.5812701946964902,-0.9013757322329393,0.25094796596718333
-0.8282421783007848,-1.4255735266083729,0.3299034731322923,0.0007976414560090239,-0.711331497662232
1.4264187657721576,1.334992687219596,0.4049780741769942,-0.15180900243134804,0.9025705542258896
0.9258558564305805,-1.4151482923881937,1.1685132084736278,-0.0017025723557861595,-0.17707141405934712
-1.1179135858807567,-0.06615358754431114,2.0764256469449385,-0.4175225948198557,1.2826412352289687
0.37839161085904266,2.4903310977369917,-0.6745309528710314,-0.7672809429747387,0.08848856649560213
-0.5457236879311537,0.7484196167647326,-0.667213959775777,-1.6608770603491578,-0.8866498934119718
1.72979449635327,1.1966314223332122,-0.2822283221668196,0.19095925526910512,-0.5484564954794348
0.9776703820365011,-1.0860204693355342,1.882397029168253,-2.069323441412208,-0.9206641675393588
1.5413863937397696,0.06612649891085043,0.09151960938470396,-1.4423506621833642,-0.9316135546476845
1.1442321793584496,-1.4778508503845909,-1.4165115401814725,-0.8125426141478944,-0.13695332548313796
-0.5358722006566633,1.910567733208562,0.8925560230784149,-1.6741319644276602,1.49595158025544
1.7841932416396329,-0.614866680731034,-0.20465054062696295,0.04575502662896462,0.20714701423595325
-1.1011552220343706,-0.9414760356906917,-0.8483632430152878,1.2975451205044903,0.40798932615587846
-0.2703218865449912,0.9878532533253183,-1.037311928122139,1.3347456095032575,1.7357960911122592
1.0050500437850314,-1.0084889220658764,-1.2076038751332208,-0.7038722419158996,-0.6754106591391942
1.9673152898138626,2.603270798891687,1.6021328464525095,0.35531657014878887,-1.8644828422260031
-1.6600475515823574,-0.7439462600264888,-1.309777791024366,-0.9177470065196149,0.08882987956715498
3.7408799826319448,-0.5690544464513059,1.2667909513708504,0.046536100163100835,-0.0717967885192998
1.3696259629337009,-0.9468558369344429,-0.46184043465761687,-1.9627797188871403,-2.2699765474525386
-1.0232299634435118,-0.15351078289110023,1.6209768299605254,1.2013786078253486,-0.6725279079413364
-0.1016758485597472,0.7284574607018006,0.02901302015822212,-0.23480204206561361,0.17237514284422642
-2.0358104560063497,-0.8960640547749287,-0.16876201359736312,1.216105196575452,0.4981078357394268
0.38867466105009213,2.0351750066582217,1.197744197474179,0.15489074478830206,1.7375002369657924
0.28940394420366466,0.1740973809007573,1.4809045870566617,0.361463880684459,0.8604473801219836
-1.2070109147701138,1.2820422678839345,-0.032438083364093165,-2.209457645907398,-0.45417762933833666
1.453236714340937,0.3266478785010032,-0.6727397473544636,0.732275171290608,-0.5220205451616624
0.6952553421634327,-0.04090018846138022,-0.6922913709084777,-0.7291804154403316,0.15012637640922258
1.225122196345773,0.3972993869887865,-0.24588161528638924,0.24562662581412464,0.6930652546466917
-1.991487258996175,0.42649982353329274,0.11707856115170193,0.3444756564518701,1.167610011960474
0.9917975266480721,1.1488729811659786,-0.9656973205824146,0.665326007229454,0.46589309658015265
-0.503601583447932,-0.5845449081950621,0.24976196676763715,-1.427937408350416,0.465091871003784
-0.9331435735867847,0.0854542749419428,-0.3338457843851235,-2.2245008641650204,0.5224489623448679
-1.1222974537521193,1.876153413701798,1.244542646828723,1.4747337150106388,0.352408948190189
1.096669698592661,-0.1589203802281138,-1.2855814397185732,0.7928423232526974,1.5338460618230587
-0.6270359471841915,0.014839889747194294,-0.6501904590957113,0.30662307633860214,-0.20910488388122359
1.0800997471262663,0.26168042423879384,-0.7259040203529861,0.5203786784090173,-2.408353421355002
2.732841717579865,1.5344227385783635,-1.2594314093915182,-0.226871527370213,1.0278850214272275
-0.3074063361619394,0.5444579047070268,-0.42595912151862986,1.9430843726575833,-0.16551816424307036
-1.4237383044530414,1.5745302967046797,0.9505011197493873,-1.4371096498096636,0.980881264500987
-2.657989774171324,-0.4265641964489803,-1.37285254128657,-3.9919654953257686e-05,1.0220219364688998
-0.5061796428337708,-0.774173578890993,-0.35083803922707196,-2.2517713855389103,1.010886222611757
1.1972316643268528,3.145815601006234,0.21056417498988006,-4.0879240511932835,0.6517305567231593
0.18675746592361,0.31294222570850266,0.18573413061907593,0.5030314253243006,0.050794747694286144
-0.11822240661103564,-0.6435442698757766,0.31908027952138374,1.0170831040477895,-0.08316925091534508
-3.1513567260168127,0.06534562681109693,1.8399175224842348,0.31542081695653024,-0.7621398905361447
-0.10425363148156847,-0.17218316543228016,1.099443937650961,0.4163250471715249,-2.047759870191102
0.8613540167449985,-0.5587868901710692,-1.6285558897253267,0.24939455410400885,0.7427145250328252
0.0003573888675455568,-0.4131732852279317,-0.8564393706512873,0.13880627420003394,0.5142206721469781
1.201231620684067,0.4095576785129074,-0.7553676916709985,1.155283135752824,-0.572798230201279
0.5744409576515719,0.5786168154309828,-0.23054601293032687,1.3825072517302568,-1.6984209440225648
0.16880733951220175,0.3570385452821242,-1.0447499111480245,-0.027560542607343304,0.2002391457077988
-0.17911204050445687,-0.3897655552095255,-0.16462595625068857,0.7148283484673756,-0.30856573925975267
-0.7093358414646885,1.5554939872065618,-1.4072200585460215,0.5921988547355332,-1.0575546192176528
-0.8383105995661893,1.5582534230288878,-2.016745883349942,-0.7540950339363847,-1.6078450517376903
-0.6252132158323973,-1.9014904541513822,-0.5120420652119185,2.240303420573433,1.3073743278859635
1.2264579726348577,-0.24783852471044682,-0.6259102251802352,-0.7974596637644334,-0.04610095103908621
-0.5656526924115978,1.1503930312642852,-1.6839724687225293,-0.3480400806659009,2.1014839016866413
-0.6218560679525421,0.5322351849987698,0.6029948015668932,1.2859670159533623,0.08816763885845139
-0.09028713968818547,-0.6971201928230851,1.3084358624260657,-4.466115581336531,-0.27244697292958714
-1.0274643213009818,0.4644581187104212,-0.6513579275480766,-0.9789677686871797,-0.17439641703775588
-1.5602322145492218,-0.35335185639822525,0.9753675942558757,0.8323160098720224,-0.6346436077563749
-2.24145314105654,0.847543077716138,-1.3557889974250146,-1.68824397143819,0.36738481509326004
-0.9698891011105392,-0.7288450628025983,0.019002233290056868,0.5290896478124527,0.5594450900108255
-2.843606519669254,0.46482539348532603,-1.285430866079371,-0.062165937391604045,-2.142163785951134
-1.4634511478404129,0.5230171214748515,-0.7730428513927076,-0.5608537148806259,0.20614917647034484
-1.1902422279396063,1.330432644066378,0.10943003116607615,-1.4015346103171145,-0.5261036533788005
1.1011799865445513,-0.48680273374399113,0.7366213893705738,-0.4498661073389994,-0.4313327260149425
-0.7905811385965005,0.6983025493178382,0.7458058811020627,1.3340740956859032,-1.740225798385395
1.2561099789099537,1.498829951192473,-0.24248604499639906,0.4925214740632869,0.799194137671084
1.9641459344250616,0.15738290814251996,-1.5214972458813396,1.3455839181913423,1.7544551739294112
0.5474790166435736,-0.5134725718016597,-0.9146891307128224,1.0911703712125673,1.0770307204838274
0.4846426390819032,-0.2920646066611928,0.3331214410485602,0.6017044167267585,0.11572829627242717
0.24648658759407033,0.09529791811307103,-2.629105627558883,0.027610351747816564,0.19570412782498253
1.395441382660997,0.3677849394599684,0.9231602786822406,0.981583707810587,0.24987794289612372
-0.5816342295235976,-1.8644641547055796,1.3150245479087037,0.4069723888556504,-0.6578839553413142
-2.4019623196479114,2.593689716224815,-1.6344842970195466,0.24312220309331697,-1.90833011892771
0.6978881467705198,0.025170352437416887,1.0059126580180866,-0.44124057010430406,-0.06862220255823571
-0.8379127772811445,-1.5213762035709424,-1.1940759573111455,1.5945243488645395,0.07583675606427238
1.6987882804364527,-0.7345935083258388,0.2549360959056337,2.1785363816907015,-1.6494063453367926
-0.4914871811582554,1.0206115970730032,0.8723983816263245,0.36659882656250314,0.8055161471521988
0.12118667365968813,-0.28582268286986984,0.39549536746243796,1.569417569555216,-2.3283281758608863
-1.9101428063322525,-1.8152916208407224,-0.24871116963386644,-0.7879998046226039,-0.792587144760647
1.294597655586342,0.8317895375555219,0.3899544130392487,1.4768594685709004,-1.1336953039029067
-0.1461078009573841,-1.602490805350725,-0.24680882614902075,1.0217357635046713,-0.28134934745547907
-1.4330612413592752,1.0559429864728813,0.49748597054817545,0.3249653036129681,-1.427729998692127
-0.837704857502577,0.16115780596270887,-0.6135579368221376,-1.776300400235926,-0.649917955083063
0.4013736696539362,0.5422286816066927,-0.09211038649635976,-0.1794102199017708,-0.048454742431193895
-2.6335453451828377,-2.0370063382225316,1.4160015259139072,-1.4656645744752304,-1.6935363910812082
-0.44602268044168175,1.0939000175513198,-0.9586929540897158,2.1363216861977365,1.5607751181427525
-1.4799871736118795,-0.12526204384970155,-0.34376796916615254,-0.063490863449231,0.05970066584651905
-3.2027945771576665,0.9152035083799694,-0.7542365163346222,-0.2128514338965785,-0.8597393477789852
-0.8215112010733371,-0.3418632763518133,0.11117961722463846,-0.5487372948720788,-0.8371468804507571
-0.17120241648864706,0.029645528988314122,0.3562168814147709,-2.1543660764320305,1.0037388422258895
0.5702927070963554,3.9726131796923276,0.08954993030225718,1.3099113097631139,-1.6187519611036432
-1.9773688150350772,-1.9034046010276662,0.6840610312584909,0.25278413936209093,-1.0661066936341872
0.3994974713655394,-0.3386267873846099,0.9274694229663538,-2.053064489161089,0.1490016399764173
0.3468811246420489,0.9705543447688257,1.1198123162628233,0.6307295024943381,-0.29642076895858993
2.165856932400509,-0.22353825749997613,-0.2619261172220205,0.9699832490089623,0.8339065159449403
-0.03725692624290536,-1.528003198926496,-0.954146449607767,0.3431054401550219,-0.49197625692077185
2.342100881995637,-0.627637449269439,0.16509926297860747,0.20960406089773415,0.5576728420850945
1.4146729712067192,0.6935666175968634,0.6750455244023705,-1.178371588680407,-2.0794171067121416
-3.913512912697012,1.5834195996215303,0.5796732168160632,-1.3091754351290457,-0.8532016888694904
-0.1591329810535189,1.9537421148194298,3.2374995421280697,0.09346729702300531,-0.22676522267237728
-2.114479188860339,-1.2592668754770062,-0.17101047929305677,-1.672842207525691,-1.082193350188243
-0.07641570584103592,1.059771397545109,-1.4394798885900795,0.38555842791751116,-0.9865147602565776
-0.99521095270971,-0.4065550237436288,-2.856681126748852,-0.7320516670001544,1.4526239188905776
-0.036897529146461605,0.725862951111158,0.5065847723552228,0.2770700331703589,-1.5204106895391147
-1.693286149262682,0.8295351362868477,1.1207757122378943,0.44753645314367724,-0.08390399780254869
3.6298946220871344,-1.1666636509461124,0.3733906436931682,-1.093327687181736,1.7559170008125822
-0.7514700027706932,-2.0086963958427155,-0.07288019476054763,0.0033142805776039674,-0.6279298310370462
-3.626852323271683,0.9279805054257705,-2.6462144969481716,-1.7862133157880444,1.0576974166409543
1.284015434084515,1.0680627340085862,0.5603400061774937,-0.08547279092955913,0.027484547900321874
-2.2212005286638496,-0.48737604821957203,-0.32701074797384216,2.570450526793656,0.29153714894132604
1.8764223802108841,1.2162015538690854,0.26247198910521147,-0.2445575533687675,0.9774720334049154
0.77263314656829,0.6793908179041149,-2.422817537929782,-1.460812764933625,-0.2899373063224134
0.31373459818491173,-1.8472432764307019,0.15479607430809475,1.1765614010131107,1.941424867944352
-0.9843788914515642,0.5265251727724374,-0.05344204841861287,0.9819196818725133,-0.4288316225279316
-0.882502126544516,-0.6121710401761327,1.0633730544382112,0.06341233855245779,-1.2007021848729917
-1.731702687307908,0.47362079859577955,0.7606734710194023,0.8619516472633257,-1.5518819182423949
-1.625920546644171,-1.8256461018883945,-1.0353854903523412,-0.2224404453182529,-0.8615531810583257
1.2735535859853933,-0.7741251797580189,-0.9758827349856042,0.028084771166428713,1.5169578021088124
0.5275315729768116,-0.6054801821355899,0.6655779029865998,0.1848346304241627,-0.10485004241976012
-1.0883150214339539,2.209981270392068,0.19849396643820466,-0.42823298556495915,0.24606118500920196
1.0703245436200224,0.769811644123126,0.061261213457921196,1.041745187450445,0.8167521047317746
0.410885591197985,0.37488850582788613,-0.5191882740729474,0.9446037962065178,1.3768987107344013
1.0433241003229337,0.5808710056404564,-0.2513229312956292,-0.6637300517460748,-0.2818489948824664
-0.14078452603502573,1.1334533884425846,-0.2186966188287893,0.27113400705236246,0.01221533928304798
-1.5364057945460758,-0.31496187966361966,-2.191902112210791,0.602626254813774,-0.31509512135164713
2.3336855536365686,-1.10498802648617,0.6171091043072456,-0.5936220273791619,0.0972075597201217
1.4871670594585753,0.5254441382136501,-1.118446802693571,0.3924241312317862,0.5747744202139254
-0.211219134667422,0.38739120580625397,-1.0582451955341372,0.3691646480239865,0.7014434343709732
2.431096650838024,0.5943582374826913,-0.24727883709092882,-0.8583427704443243,-0.9621042281077066
-1.2180546741743603,-1.32666586010353,0.3470382150431453,0.5787637859633848,1.2995965127453386
2.2945339755860914,-0.954759830323768,-1.5089814630233382,0.7832712181935962,1.0686841442613264
-0.25918037237426195,0.37780196387092174,-0.40546894557498264,-1.8835501444930556,1.1096333583041758
-0.905457290692515,-2.233576652487042,1.0382972497046254,0.809438504396614,-0.05695025866574821
0.8587270149144054,-1.4621243023161508,-0.005411588861325011,-1.5122300873081582,-0.3604008079062842
-1.6832303692407924,-0.3514336482379062,-0.18321482628551897,-2.6869539714928226,-0.18438637182849446
1.0003650897233707,0.8436915917421738,1.0393644264151072,-0.8711658954181785,0.3815429501190584
-1.842843509806167,1.9736550262118637,0.16593356240466295,0.432452360686764,-0.34886460152825544
1.4935886620903591,-0.31105937991951815,-2.103318582821625,0.19537664897264462,-0.5991463740756314
-0.37466690145166703,1.8406975075435144,1.6346297899923252,0.3422553611316611,2.230164535898983
-1.4486295620225769,-0.5814461060722272,-0.9238003897307565,-0.2405935205437555,1.0102245213774774
-0.8169400957959294,-0.5227842680334583,-0.4097148007397869,0.41911814632394045,-1.09625143781999
0.44862654288003173,0.6934740361610523,-0.4084207974891158,-0.0426860171815088,0.5595317141614428
-0.6524106424150141,-0.8324146200993158,-1.0195086654736265,0.6022069699551698,-0.9556473302736919
-2.388521906672187,-0.8452731720867683,-1.0764665944169514,-2.5995028969566416,-1.0458234148623504
-0.5823330066448544,-0.9256889581184027,0.09472976930471402,-0.6036945946260813,-0.04425092556079421
-1.1325097448772536,-1.2865159710561023,-1.3545759356281248,-1.8039537904550575,0.4415523141726784
-0.31228956765836635,2.1149190209585926,-1.69804633270794,1.4785894904333787,-0.40565545497923156
-2.0933469242881406,-1.5398253192361375,0.7971378783228056,-0.2906402516349275,-0.1898536642360889
-0.7032226541292019,-0.5794567568140052,-0.3968813831237113,0.3096659066350329,-0.9154928995999012
-0.1638642040922694,-1.069641853801865,0.9889900525408684,0.07455345817943525,-0.841008823261332
1.4918416611943799,-1.172959901545823,1.915675416358413,1.3324705317847605,0.44011970788436694
1.1404305194015039,-1.8359963172073932,0.5461011987442234,-0.6853196199616598,0.6404687641915169
-0.5391468393165267,1.841682237170634,-0.7754758889346585,0.451963853841511,1.6044220190592824
0.7023915399756291,-0.5034696916419541,-1.0753720802946631,1.0054136347618408,-0.5612634721124554
0.8923053319149075,-0.26811587820617194,-0.5586607735240371,1.3240488003810138,1.2833836152880338
-0.14272928485099154,-0.09608444814571082,-1.7593783902428208,-0.15766612475751182,0.5502459212795504
-1.2427880248516474,0.9440091333689057,0.5952576159991553,0.4108035135615748,2.5859230532094823
-2.157234632443484,0.5365433301432067,-2.0490207826115836,-0.6865419256247284,1.3190233805067753
0.9701979384457785,2.205500482249077,1.837564481662065,-1.0908567906460416,-0.7076351479149212
1.897425721933261,0.9563553311158816,-0.4999901942713236,-1.859201922107633,1.1613402840754226
-1.3577019763668665,-1.9753438433899688,-1.9650564130583739,0.24500171657238762,0.47298358018569175
1.3148231751147517,0.21480352917817788,-0.7691877935239732,1.1177081802527022,-1.5894475354115256
-3.531791608941712,0.1648708665177045,1.73065888227673,0.02015817579759844,0.28222596064499444
-2.841161792009493,0.14142943044584308,-2.96050705589453,-0.461740515133485,-1.0977298166396396
0.0030569622172287457,-1.3113778983076725,1.8871390346025045,1.7291535498710373,-0.19568426616135584
1.3242705156649661,-0.5303383240533985,0.9583245764719879,-0.23965801577499618,0.8951192751610514
0.39228454889471776,-1.6658206974864787,0.10060474514146314,-0.6292323751399083,1.1963389709114463
0.38012481633581524,-0.9128684017521356,-1.3832088276333323,-0.5520593849522174,-0.6289676622735828
2.032857526567773,0.4821228437403716,-0.6870161444539992,-0.6266924489459523,-0.4491652260497862
-0.7839020246747835,0.7985304825413446,2.1802724927691393,0.5092103399328675,1.602306742453872
1.0281608923839234,-0.7533266316855662,0.08242429970769258,-2.0995766118172927,-1.2108422506776226
1.1270841534886598,-0.4478874487996125,-0.39355148260560385,-0.21760091585073,-2.1263566959468054
1.039987904130482,0.29837460005933114,-0.22765794434259515,1.1936452883012778,0.016018392579482236
-0.1427781212128543,-1.0695956474024708,-0.2997221255076313,0.016150527425991656,-1.196304003571537
-0.7772706212603883,0.7790427383776687,-2.3794592988781385,0.7038165512271674,-1.49921798290084
0.07463845139783996,0.26252974824905556,-1.4379870561271682,1.454946477934161,-0.6000679691424087
2.4020672228887645,-0.46791038396220874,-0.12739986112573748,-0.8968237608289845,0.8027469756353748
0.3954743904918052,-0.19468718000847315,0.7556152003913383,0.2136152718807317,-1.5929744284381946
0.546039265083632,-0.31575353742394047,3.139483524731326,-2.1691097042556424,-1.087350029475968
0.5705762476584101,-0.15618620060589702,-0.9931680584822999,0.7132075072667065,-0.46694071484021576
-1.1390921186182015,-0.09153772999150667,0.42484733922502194,-1.2647050445732833,0.3383918745434855
-1.054799315717216,1.308929019497926,0.43299544111382365,-1.1668785085586697,1.5333487075847663
-0.5648543547934363,0.42493578957762956,-0.61645795505916,-1.6165108140429352,-1.069973782083658
-1.895111229047552,0.4341814975380113,-0.37670720457264395,1.6454161562431315,-0.7140596609600459
2.937090616808273,1.2190362142381608,-0.20979263084049377,1.3006800735709754,0.8530697499447666
0.43423091667167973,1.1751515836268795,0.7850077732402279,-0.9485297478239647,1.0008596261099283
1.0111592637777749,0.7624776073767291,-1.3792047335953703,0.3013319964531081,2.673581307707431
1.147355988720037,-0.906161962710365,-1.0947748042641285,1.0465968310356184,-0.2537466938508306
1.7997814960961358,-0.8264114679207263,-0.25115718498399137,-0.6098732296720764,0.08678835009428391
-3.997354386451221,-0.22695217279901506,0.24642241686477498,1.5262888119107039,-1.5729550491595263
-0.17967024126221828,0.8142123134971279,0.02436536930161961,-3.0522505385527987,-2.1673023213779103
-1.3685319885895029,0.36592149906257376,-0.8041632581672389,0.5756769137680033,1.5263978117702177
-0.292991981558096,-0.31819463430028605,-0.19199551970650552,-1.6663540076543235,0.4949791111677541
-2.4486949914133422,-0.6741402030877511,2.3727083830138507,0.6669718436237957,0.1080089808050588
-0.9962810346425509,-1.0201832259318242,-1.8738677709305218,1.0078723768136721,0.18048711653869434
-2.1083748128165256,0.9824228637345224,-0.21274122571382978,-1.5132807101463293,-0.2991851968374905
-0.39440367750794947,1.0028023833428115,-0.2846308181717514,-1.0414733752729421,0.6865828964500766
0.44887558693668766,1.1709633034684985,-0.06798419566881435,-0.03741299278102533,-0.3443316596199084
-0.34054504358625254,0.6049680218460922,1.2172113959904616,0.20406777149654198,-0.7738017174488804
-0.5836810240761293,0.03602808425478143,0.6595273315365355,-0.22225247286867403,0.65518999919994
0.16026260219917118,-1.0363909787656826,1.1100702401563054,0.04084304687639627,-2.3288827741446902
-0.6262833567776585,-0.26626580861776533,2.1709155165864322,-0.9278315267490758,-0.15116520059239014
0.22103071022177356,-2.081403114313897,0.44754533992640844,0.04152944656873364,-0.2963659091844771
1.3860789193929932,-1.157512697285227,-0.3288050084033386,0.9336776554297938,0.23920263794104724
-3.6720789375932053,1.1053467919424542,1.2378244991588283,-0.7217963889190477,-1.0216497571337286
-0.09077285824975403,-0.6741214423266567,1.189763942189899,-0.9582095364930644,-0.2849433348205734
-0.7049890393572582,1.549417415036863,1.813637678762206,0.7168437065347127,-0.06367009701642083
0.6294394888556153,0.5876344048551251,2.1495178983335252,-0.6978772290306853,-2.689885989050044
0.04394803025751813,-0.673844047056087,-1.5560274972443464,0.6222589077360668,1.0973587616129885
-2.1878399013694882,1.3603121511908678,-0.5812448344244743,0.2577097558733774,-0.47602904137303687
-0.6132224551022671,-1.3187843527470249,-1.0822850071066341,-0.9213519017813401,0.34281484596643075
1.11708379171882,-0.42720157492800054,-0.8315788884487694,0.2992958235624477,-0.540411704282921
-1.5828274457743172,1.2289001677710147,0.5930951139075656,-0.4493542975435248,0.34815843684568554
-0.38396256316861965,-1.5987410195112075,-0.7047490733156576,-0.8582944450510968,-0.2412188897736167
3.1015152542238265,-1.0135450920344182,-0.5655045992945955,-1.1356309381151497,-0.34538613382016076
-4.4066878434166625,-0.06870488099174937,2.031476619994535,1.9103397662957309,0.9162073713658692
-3.5520158878877353,2.2610900097673814,1.3903093123110872,0.19584687278832943,0.07507236850419169
0.9747824588572935,-0.45227136272370766,1.904415053462704,1.011593786558366,-0.9670233422617271
-1.8435198542305882,0.6866972846951107,-1.5702423504376153,0.2617554412657417,1.5175101880769246
0.21803684583775687,-0.2906626587007397,0.7603320252202725,1.0404004017696693,-3.4450234483503444
-1.316607956058108,0.9865570792628882,0.9029790774476385,0.25093891591856576,-1.5147201315374037
0.028092685935157992,-0.27498387968274307,0.5795227739022993,2.291878438350744,-1.2345259695262458
1.7240792592032324,1.7357994320234946,-1.4380593076927137,0.4381774869740385,-1.0519189999862544
0.11376737228927555,-0.25855700863330866,-1.3962569435587047,1.5885789807967117,2.6756017344772087
0.3975166352487657,-1.886137340254128,0.04231463900789308,-0.2599039015592282,0.13393043592643628
-0.11101088711661156,-0.6022429003738518,0.33758947882298235,-1.4643517704998044,-1.167401793722422
-0.2800727834171625,-0.88593555123578,0.3048024847951715,-0.8597047838253603,2.6586330558592466
-0.3989968420085698,0.5989860148620197,0.637703932111003,-2.3543981609782665,-0.4951430874645294
-1.0872688440594607,-0.6050346668394314,1.2345632075932775,0.5318584462123068,0.09538188192945068
-0.5534461974422807,0.6919486038536624,-0.407123573768711,1.1214744603284519,1.3896993079494513
1.378397425011695,-0.7985331882651521,-0.33161724855615166,1.5328498958850751,2.0103026627190697
-3.2300123542226338,3.009144595439106,-0.3571669768839191,1.0133695209995108,0.30557041696711185
-0.6286148773331707,1.744473277422595,-0.02802450566357424,1.1482056784785153,-1.0932617659539845
-0.5606523814671196,-0.0943376598165428,2.1065491316467786,-0.9053332808494703,0.25153964938756607
2.0761987797959587,1.0298755267011461,-0.11966118592118467,-0.9455092969542503,0.5319001592406244
-0.43097604030944076,-1.4273367876490315,-0.1576509317414028,1.4856609986704237,0.6237124728193632
-1.3897000506316957,-0.7407109800441056,-0.13665687957837755,1.4629307198130643,-1.2380641478016587
-1.2837809553986095,1.223164749752094,-0.7360099460273986,-0.5740622175766972,0.5249186327987952
0.1268554505093526,0.47074786950315883,-0.6407448961045238,-0.5051527628591024,-0.04039360077723146
1.5201139175244984,2.2237825121552377,0.8711247884707771,-2.369401131374379,-0.46547826663095043
-1.631911186033504,1.0924208721828135,-0.6580476291572849,0.11769649824441726,1.127108791412703
0.3532405742214447,-0.6431360236612177,1.6030500324217098,2.072391018428964,1.3284632977970008
-1.9204828548140176,0.36035920209968375,-0.6699155113803722,1.7432032996772484,1.1547334270448462
1.6783190616146562,-0.5622072070989684,-0.883113024877535,-0.12281386357183811,0.31478786804703485
1.3148007320171269,-0.8110712278240961,0.2395463170861206,-2.269488034678066,0.08822705429202476
1.3513483410072265,0.2956833413297345,-0.09369995884706245,-0.08811220577451039,-0.3182019741458862
3.1109950149736987,0.7641233193773355,-0.45608533025826786,0.7952086768293665,-1.1829463410831667
0.826392025772185,-1.6443234719991262,-0.3470015528731943,-0.017065936111694435,-0.8098099487371633
0.26020219034565156,-0.8941647051792221,1.4095352861400736,1.151296831598566,-0.9048533669666098
0.8681024883904054,-0.6187590668355366,-0.18283053735996666,-0.22416702665183458,-0.7340609747883292
-0.47208608004247815,1.5895893680472977,1.9907531178051427,-1.3193737415332372,0.9547429074595758
0.6744076582704122,-0.7364277619030799,1.2321152824465142,0.538344798913868,-1.5463405977653388
-1.8391662867030203,0.43468225938401206,-0.44544859608988024,-1.218152369193799,1.576683092518193
-1.3707845353630521,-1.0712204336548286,1.4552596666511493,1.050676320487136,0.01849231002863501
0.6616438506275861,0.5376787783350522,-1.309611810569327,-0.9125429504098036,0.5285456520806656
-1.0869095575067418,-0.1400226747544847,0.49172592745367794,-1.1383183313253271,-0.08220578169081025
1.508642866657519,0.4363199968695656,-0.2563395106440655,-1.3557258633755953,-0.6580677661134946
0.8390784139178805,1.068598986983209,-1.1594194711358716,0.31487314769528724,-0.3394694886148308
-0.9875415554130084,-0.6718189812728106,0.08895134213849429,-0.36981242230784866,1.8111873791460071
1.1720401522005484,0.9823997469364782,1.0031984363518274,-1.0064038491157112,-1.2323955525344013
-0.3374223311372078,0.6680393185733003,1.7983794575439054,1.0398549205077727,-0.36582436197773954
2.4723065787081877,2.0858437196898483,-0.3613239006201026,0.016483801805330645,-1.2604996687370496
-0.5304506572402633,0.24908397302765858,-0.1236303618325123,-1.3209151366248808,0.7747736008191398
-0.6222930465187985,0.9702710668558662,0.33086811784931064,-0.8271969217143225,1.4082815874835548
0.9291778828159643,-1.2943082452517378,-0.5509620141990886,-1.2656411849007425,2.7978078233596464
-0.44981896345663874,-0.806236143264628,0.6546319547309499,2.507884024885773,-0.9791704115385467
0.8489941352912612,-0.5657533850328187,0.41623555771624876,0.9003891572476074,1.705851564707561
1.3586894094306712,-1.6817354446953827,0.8427578100414157,0.03966296926543303,0.8020174694355878
1.7397611906799026,0.33624695687657996,0.2577791415006414,0.7890447985136183,-0.3074520820290158
0.6279928583722101,2.1107906821750713,-1.4228409304610783,0.13547788595972904,1.3810973794486525
-0.3465347579309197,-1.6283845007704558,-0.026957890439981487,-0.47133706314994994,-0.781995401523299
-0.5160702297787803,-0.11858141989256954,-1.8705504153794803,-0.26944946497039196,0.13207786609198674
-1.3689545354954968,-0.21184854837324937,-0.018076268189736133,-0.9669697876296012,-0.2279729353919725
-3.8085412252730895,-0.34030536531218725,0.4900229648613893,-1.3113231670234933,-0.2421154837330529
-2.239929535181475,-2.4612184783672664,-0.43299332847917876,-0.3591355372046852,-0.8820253449816531
1.2179724155094844,-0.12769928588034932,-1.0474009550781478,0.11920011275319903,0.8551230628928366
1.157445279713909,0.8163302328102813,-1.0533314500286566,-2.261670832446853,-0.708857986132613
-0.7923387381057877,0.2676574753155013,-0.2770574154030186,-0.17206220307463996,0.31653996999318357
-0.3421429635540865,0.2821227379032061,0.3828153897430185,-0.05194177040107589,0.3452233542498359
1.9062413980663702,-0.3567540749182375,-1.0363902776665432,-0.3189809760678006,-1.7978022412237562
-0.2423582175496226,-0.26783835803259043,-0.08390990251440604,2.443832927235407,2.104572054192432
0.04333647493364447,-0.8121785786912783,0.11129631834394074,-1.61100143720912,0.8331323323912184
-0.29866525516344966,1.2477484509610486,-0.21648158965635064,2.020647002408392,-0.22686334736835295
0.6706816861042245,0.568615383224473,0.3294867515525269,0.24872184460391666,1.3495644075751057
-0.1307478227993915,0.5100487552171475,0.5702137101583132,0.49874442740619257,1.2430340533928825
0.6012534810501143,0.30976634540908643,-0.7809817362403704,-0.9206335608271335,2.0221455685055294
0.11168083805678819,-0.6873106063132185,-0.22400579075113067,-0.3991328474709429,-0.054714595436432575
-1.6790150262100303,0.7230157740998896,1.7322346787347582,-1.2378537577775186,-0.4990853876658977
0.11446399094429485,-0.33359477863713705,-1.234178318966116,0.8057185877949554,-1.9819528165126776
-2.0989113620774678,-0.36431539420272996,-0.777975437910316,-1.6301880209586987,-1.0054734994972117
1.1168617863268084,-1.0065593361338288,-0.08971406598019477,-0.45731155711941285,1.7997073002960282
3.258267395382845,1.782633461097211,1.384800852980618,-0.013840309397367181,1.4981016868117638
-2.555422973460611,0.042872390638005124,1.7019759587677215,0.49206995420686744,0.6743597675278207
0.8454384546314735,-0.23473242452240511,-0.7495718101620991,-0.23812887512940914,0.26935134765313384
2.498772566763687,-2.05206862564298,2.3980000778952073,1.0917880144043746,-1.0281724552133382
1.304839608769348,-0.6006525766986085,-0.48409131112463794,-0.3343913397588195,0.4901220783070376
-0.04310461417120561,0.22918941109656382,2.549689339520939,-0.5963163448866707,0.09006484953901038
-2.7483732628594844,0.6954608193167521,-0.3777242549178436,-1.9252757656292017,2.614380394723973
0.9651054811265567,0.7379965339756162,0.4186504270218119,-0.14775226759390417,0.9006320881045284
-0.09795690742540514,0.8523865120559272,-0.923878656949598,0.9594829581781409,0.9269685623103802
-0.2950329913287579,0.7867126500962979,0.4564502281816995,-0.0007937104840696122,0.6795810422960565
-1.4358718508600472,-0.9240625362301037,-0.10524036723743119,-0.3994016867358826,-0.4458010111683885
0.9068875259937242,-2.546572667118342,0.8161234191850104,0.9632370693334634,1.0052149323630353
1.2607297373566828,0.6752386253280046,-0.462369038628388,0.8484049660755617,2.567919294421244
0.19399799295592673,-1.1262572864979075,1.9948236351502617,0.5379464671227201,-0.13337225111360346
-2.145300996384191,0.04157147062893712,0.5662118403449882,-0.873770754487505,-0.17832205517951033
-0.21621007426199865,0.23682001744882222,-0.033766488697763344,0.3824824480856764,0.35755554094177855
1.4063656507203552,-1.4516547579274184,0.7089462017144248,-0.6705503190517721,0.051082438190936996
-2.1301673885855648,0.8932802110107619,0.1572216792150163,-0.5580184080108169,-0.051056589752959486
0.2355139537727242,1.2620629645672556,1.1783604009851267,-1.3762068617842573,0.8197892192744944
-0.7789289623812408,-0.9239839933767657,-0.5235117372698309,-0.5561620774461018,0.9444061671356829
0.2225443617012613,-0.17774622610781396,0.10224935213247069,-1.4838838901391664,1.0368137761342282
2.8038320863420036,-1.6889402378303735,-0.11497774310542008,0.19910888223620066,-0.7670929351168364
-0.12024146872044793,-0.7230918826531276,2.638286499984535,-0.9786727959383933,-0.5053773035328172
0.1662704953551552,-0.28267169342244675,0.5475844809520654,0.8101978899301109,-0.9701987064773616
-1.8477619002553862,0.5581557158816808,0.8146710801874872,1.4426489352397258,-0.9413780313078506
-0.8182044012884393,-1.2376163418891584,-0.4575514295690442,1.1103430488396044,-0.28785487763545364
0.941372017924798,-0.19032453958610077,0.8289104618309739,0.03663085429730478,-0.4967651728929158
3.2304924310855676,0.8940887171989501,-0.8481466689716217,-0.6085994460841601,-2.5187446082309863
-0.09190129983618393,0.2439388531150804,0.5506049529615736,-2.675426497774806,-0.3429871967698373
-0.73236523108112,-1.3240219975310226,-0.05591251164743459,-0.08420468127041564,0.6776942398127711
1.1743518038754082,-0.34568431078598805,-0.33326262406008983,-0.5763869122024428,-0.04193973252288645
1.7730313529349062,0.23581089762118249,1.3221363597124967,-0.4869141499634048,0.5682932163685206
-0.3110438507421487,-0.7183316315703349,0.22692528739018905,2.3203892985024432,-0.6689837219761796
0.544272165890989,1.2673642438472705,0.8737629074642602,-2.3323879143830872,0.11492166942088214
0.1866676575953413,-1.5142063249315734,-0.5592478939655273,-0.6579137960953316,-0.3330848002168236
2.0747627318494395,-1.298804131432149,-1.1191145062979304,1.6171013134858612,-0.6645174999706973
1.0707528295748867,0.15250215405403225,-0.23923822983432638,1.4159577575158173,0.5258403994342745
3.194641217264996,1.1691728831346484,-2.537864445713106,-2.7408668530562244,0.2799675777030242
0.7967150674376958,-0.5869456291645501,0.42922675805768695,0.26096909780560523,-0.6372913379456713
-0.9520660888429016,-0.6961337728689462,0.5975295318106747,0.6551307323174892,0.4636159292696592
1.1528438645556809,-1.4710444740682362,3.460593726237037,0.1752780313207561,0.5543713108955923
-0.7585654028993746,-0.8727667248171721,-1.1626017653217862,-0.3529200878981394,-0.5468325567285287
-1.0506322130604622,-0.017166398334428765,-1.254889604868491,-0.43714418007225936,-0.7465097036179306
0.42376112783481407,0.4038171626081839,-0.3309150650118483,0.6187667698434647,-2.171658258086376
-0.8611404231633079,0.5193673872685727,-1.6121610485003952,1.4854207314849521,-0.055119305721958695
-0.4398910517232657,0.3507575370532561,-0.46048074926729865,2.0655512280784536,0.25633277041242547
-0.5761566657751425,0.8255779399026769,-0.3528178234256236,0.9517387902637583,1.113950406411165
-0.8686511887296299,-0.6316050799504547,-0.1719349020764284,-0.7349062682228196,1.7515759327184526
0.9921885718755731,-0.08043011495315239,-1.1599229127697903,0.21542910438946788,-2.1532810266245175
0.5042229589275508,-0.8256671300872963,-3.010462470832345,-1.7609219225700294,-0.4678694782294412
0.30009394281586926,0.4282046682645569,0.5560299632219902,0.2293333116313015,1.324922185814375
1.027978770373373,0.3589710657116675,0.08717183888623453,-1.4446533501059127,2.124322681304899
1.008860502054383,-1.7455184011336293,-1.64229277931021,0.379948791343483,0.9400905671670676
2.470344104879879,-1.5890220176549399,0.3702426105284259,-0.6540194441691923,1.4321391032961601
-1.944213774454969,0.7168409282231544,-0.6397281047956156,0.23100047839380006,0.3196332125907059
0.3087817180994501,0.9653665621681404,-0.247971678618945,0.36647594045918996,-0.15194936185121777
-1.377222018127554,-1.3150224013821192,-0.986622900417636,2.0137436363785595,-0.22730031738970682
2.322095096864159,1.0888486384592193,1.659044657912351,-2.37287404815821,0.404644879875023
0.049065992262120786,-0.8745422277256597,-0.3758595236980404,-0.008808171601631165,2.8287005398883247
0.9136866692164098,0.6857159294301659,-0.9583653144495259,-1.5798163118488664,-1.3793957609341474
-1.1423508828966014,0.4407066175375218,-0.20963807961826733,-0.47434289793833073,0.41209525351576365
0.9507791434022913,-0.05495895206902599,1.445486492610125,-0.1268129731823616,-0.47977827022031033
-1.1978120398542493,-2.638100303417078,-0.854930614599732,-1.878941646662875,0.37136000529379665
-1.1016061675996665,0.194190511265781,-0.9444649632194302,-0.9832006753918736,-0.4035307590196228
0.6040271901326963,1.2440912628504164,0.7276382286371983,0.347298741476156,2.00188966111651
-0.1048643054740252,-0.6176901478741914,0.5030550369850827,-0.14921963901043817,-0.834129384920032
-1.4576172703451264,0.9513821350164668,1.705176096294228,-0.49070566095276147,0.4807796896889045
1.189064591291328,1.4745783596670918,-1.2955412985422121,-0.056239129802320154,1.514529853772809
-0.3887475770939166,-0.285267372726852,0.6816393913765755,0.11428175360033889,-0.27197349326878556
-0.8074118919587384,-2.4795934392874575,1.5042745064471832,0.7888041383050582,-0.7623802143365788
0.1308911670116475,-0.21033265921216024,0.02226846253447625,-1.567656317957239,-1.7941204691660817
-0.5272622745545489,-0.8196498390262028,-1.0691334143463875,-0.49867573006447213,0.02305043596353482
-0.8558305783876948,0.6008697156112129,-2.257988254601994,0.9279800689088317,-0.7766033362345691
-2.141116978369637,1.8300072618622318,-0.08181210965138778,2.1768283355511273,-0.02480372702067972
-0.12886953428335415,0.3954428153675759,-0.4495514796426511,0.9524329355639904,0.2843826035039039
-1.751301676035347,1.3387128965835142,-0.9297180134690552,3.276242570855379,0.08772664906447876
-0.38331462953637185,-0.16457308538131435,-0.24426066942653826,0.5886289425019984,-0.5805449579559557
0.09809381635353659,-1.0562925685013136,0.6425339231513116,-1.2404405297439003,-2.4111892287529875
0.06538516922536051,1.1630603943804627,0.43152616372136743,0.9694302544982544,-0.0028301554369530462
0.13073839928757452,-0.7715682463152407,0.014875512008301141,-0.831742148565008,-1.293841161716794
-1.1294487164518339,1.0077758553615224,0.8967841875656353,-0.1166227234022084,0.704303776723482
3.6523695804199656,-0.45451748207790327,0.18653215046792906,-1.1073651165572422,0.5324472849352375
-1.6968991341151651,-1.302297685942462,0.43063199351051273,-1.287963333518959,1.5928050083853247
-1.1734133280893442,-1.080248415512157,-0.7379017085939182,-0.3877216556852058,-1.1817907177252156
-0.4941045428269811,-0.34576130558162876,-1.9844264362794142,0.0451659420884139,0.2709434747045369
-0.8413067486820973,-1.9420774050965177,0.21587550662217905,-3.1889848968266232,-1.773525278983383
0.7344288130676488,3.442307035502284,0.31884960400845663,-0.465950917486707,1.9316128119081575
0.006833213656184475,0.7582049199481617,-0.021929338748513477,-1.131850011892972,0.3665861850837911
-0.8029895431360707,0.39120159669477994,1.8885536592161978,-1.9521595752146015,-0.4472782760306918
-0.028437405627012455,-3.044413041481893,1.9896628682257373,-0.17711724139073579,-1.3526896371935402
-0.018637412293393777,-1.3936667368339468,3.1331239234583474,0.41627722162571634,-0.6704992251699389
0.7525547866458471,-1.4712569700089917,-0.2613645073664344,-0.778242967492148,0.7116892481011193
0.2572876766080869,-0.7274674224386674,-0.38612211782230227,0.3796826960890347,-0.22899934877397718
-0.19930851575740335,-0.8343762206089288,1.584053759546365,-1.0161613103963616,0.4480719334319811
-0.27542631563545517,1.2081493686828175,1.5459491688258846,-2.078330669464442,0.2073526784905392
0.8186456288729185,-1.2565048171849544,-2.503764077061938,0.9595974151288694,0.46722500848598003
2.743037793585854,-0.16233162230088596,-0.7354994113986326,-0.03384511631401767,0.5528548157450327
-1.8744291481110562,-0.38250118890119467,-0.9967983604387485,-0.3963891028655583,-0.03384548507960525
1.2358648411312698,-0.17613036745995284,-0.2993522818883761,0.1370493547143929,0.020439453436882114
2.7389196639574878,0.5733922298106445,-0.0007426690644924169,-0.2946897230263943,0.061641032032068145
-0.4351045627466319,0.6969364520103247,1.6380756860891386,0.5545226135991563,0.9768603521080869
2.5913006389552566,-1.1052557141524844,-1.1280194460355775,1.0229289117019722,0.5017500827325319
2.063838494719914,0.8203918647560445,-1.2129578929714706,0.24108022985865735,-2.90390975222603
-0.3338638845927477,-1.208972115762951,0.19777652941214055,-0.37521921591802776,-0.7151127489746608
2.3810777644701107,-0.22194907780902748,1.3790356326445965,0.13534166624835836,1.262271091462408
-0.030872532795945203,1.9519891082404057,-0.017941066691884926,-1.2286221968601707,-1.3046695442939165
0.3543682807874195,-0.07845194958368618,-0.3659882497594655,-0.9731862919840328,0.3353712863756235
0.3607267835216487,-0.31250328852674614,-0.6638222365690326,-1.4649666968676966,-0.7704571742678644
0.19157785580117667,-0.7706570539711783,2.318210701341526,-0.14979757273924674,1.0610434600384293
2.9185609445947875,1.7715889330075854,0.8125276122169279,-0.35861552679846487,0.9690792454352958
0.20259353175772016,-1.854038352036171,-0.14669991753974224,0.42937303703428337,-2.540831334179347
-0.22454365515307909,-0.7726349529736525,-0.4192586564012348,0.2605741892041365,-0.9171414688418549
-1.6319776996190136,0.11926036097317161,0.11411454352105513,-1.87300757790659,-0.44487756168794784
1.2648384554620788,1.2699629605269656,0.8550985305237545,0.5218643835602597,-0.8707833750991325
2.253928774811409,0.8459672884432446,0.9056213462239779,0.04941189147810299,0.3559175396941652
0.47873286832896245,-1.6253440928812664,1.0269792224267362,-0.26116693443825884,2.3465697609649556
-1.3362467997453795,0.22941043786484414,-0.3960822364464695,1.3905211498729968,0.7004703038017003
0.6774901469625104,0.06320838727285655,-0.39987624695078,-0.4619970576389703,-0.7073885641312982
3.0809433062362173,-0.3175652620820159,-0.7727015357608835,0.02307579435091517,0.8521039468617067
2.973081736473079,0.14350436227812718,-0.8957234715886884,-0.9581357929943611,0.40344503508544666
-0.2689557082513721,-0.48712052435161085,2.47273111598316,-0.599879915922236,2.0721424568718603
-1.4042883524869891,-0.7145847567020962,-0.6430662960208364,1.6947953047836948,-0.6996945999134948
0.09317471365471897,0.5067560654593612,-0.16869698764954702,0.6622446176611163,0.20318728740977163
-0.6414488995862712,2.0956491048703967,0.44491126553272864,-0.45066618168394756,1.8225575080169276
-0.7676325441906527,0.49257227990773733,-1.0972390998155155,2.7639712375758507,-0.8759799649323061
1.861578577113251,-1.0513910343920525,0.40746116947568,-0.2617664735415757,1.5227465814800454
-0.8575432913939178,-1.870250009046856,-2.174840220278824,-0.5256300778869872,-0.9266405569913417
-1.2429998989710018,2.280429249669054,2.4064548948760502,0.49317331816112137,-2.3383444522512042
-1.3652538203612865,-0.7750794350900159,0.4800752507440216,-0.009950053767164957,-0.25366289625181415
-0.017007820753884,-1.3674479233851784,1.1347293730351122,0.7555545277403628,0.08555434338389653
-0.3330751306280755,-0.7809384549227912,0.7660683119235714,-1.6202556937784969,0.2041315212958005
-0.5969410377962993,0.2731040209415145,-0.034966111733825314,1.8368275578974325,-1.8078541777603434
1.0665479414029784,0.17755942232880498,0.8906011250805351,1.2164837027767423,-0.1708635351939713
-0.6003589489070943,2.3390026644488486,-0.5754153096198735,1.0830554700982808,1.660759552379584
-1.7407926508625469,1.1750095545540178,0.25329606687294404,0.2339863139057049,0.4226151364061628
-0.8532516508045567,0.3508700313997823,0.3882665798878578,0.73621509483746,-0.3077199335931152
0.21099308812529213,-1.249075576177741,-0.37298267318484557,-0.7479530732395263,-1.5075064551779336
0.6051502075951246,-0.6804081750145562,-1.2690953091223232,1.2046355476701833,0.6317318111780221
-0.02321296926767652,-0.2322634136019534,-1.760732064190535,-2.0127579952167385,-2.5246658026317075
2.224679662385757,0.47231809448347883,-0.16854759666551708,0.7511012384148326,-0.3614433651184384
1.8753625908729201,0.5783506931485728,0.5223108639826098,0.7507440173420471,-0.7898866953645165
0.5123252112399298,0.07192858248752149,-0.7037329583049285,0.7791403483098576,-3.1038708641044406
-0.9846483697258598,2.6658790703945283,-0.16194724731681626,-0.028077981307711213,0.3388015682213798
0.6652808469915744,-0.0022633128059739785,-2.0590448173929836,1.4679628168595884,-1.4263275102026851
2.448352215046776,0.31160171062672326,0.19530976310441797,-0.9296847562605655,-0.6693942408569613
-0.45214175692103037,-0.8319740080686644,0.9265679308045716,1.018228491372948,0.4440441853919407
-1.4927505789614741,-0.3194853668210422,0.6303538238937513,0.1073337813900385,-1.252726005731573
-1.895396364785818,1.065567308877859,0.9473202843062165,-0.1551287094085229,0.582591629436745
-0.7590071673003108,0.6043717880723929,0.47064319585892267,-0.6707539480616858,-0.46539998714879666
0.5398447834203178,1.4758412472630043,1.7791741559588936,-1.4366753278792468,-2.466726672201038
-1.3562392291730014,-2.187909356897612,2.4050137853103375,0.7165948586869715,0.05009539272096046
-2.32017161773833,-0.4453123202851222,-1.0086556989573294,-0.30909988558797985,0.07502407590447077
-0.2596877091353796,0.5403109659965916,0.2106917911801918,-0.35197546267007473,-1.1613374359687363
-2.5906117852239317,-0.011334554017462646,-1.3505272576699436,0.5867911225425487,0.20454733822741555
-1.0177398962950717,-1.1679585127206051,0.37176036302870735,0.3592171821511638,1.5350348472130504
-0.32048580442756736,2.658193313688547,-0.6613131680319807,-1.8806210337530798,-0.055147630367136
0.8116737164605565,0.1266605102433763,-0.9185950367377904,-1.3313035250076273,0.9762267715720002
1.2796603207459685,-0.159275407726627,-0.7943635270667239,-0.21537147714466887,0.6422561494272523
-0.7348917219990829,-1.0720227840649226,2.7449558657631594,0.3768726915288845,-0.3541727310630244
-1.5745047415972961,0.030260904792806402,-1.6766449676047586,0.5902282436792591,-0.6919610765562714
-1.7247313305222618,-0.1115056982198874,-0.17587464512684683,-0.3332936352772812,0.7236602866505786
2.382631289719854,0.9089808619411431,-2.211243978811221,1.6707113088653596,0.5305032922127078
-2.907321380463278,-2.3305323473743593,1.0531676891259976,0.8242348928792551,1.9250293010335375
-1.3278374266097301,-1.0204923907879964,-1.5154655041090874,0.8536686367515995,-0.3877323690338148
1.1615570626979264,-1.3665844517084427,0.9929943995132444,-0.1454772480614008,0.8937265888743035
-0.21203056283552466,-0.5622214717015883,-1.31514312897352,-0.3039858122746303,-0.14859418348129363
1.1950390357396263,0.30372193832721195,0.01593835196814205,-0.26029639607836047,0.5366603225062465
0.7759108133658026,-1.8847370502797671,-1.4778552796691857,-0.2929568357658709,-0.3896029923946341
0.6576622719123612,0.31815299924339424,-0.8332225704144074,-1.6309256212155878,-1.7446727969381095
0.1794389667917504,0.3811086980657622,0.19713505829456182,-1.3858977199474323,0.2996941376650757
1.0244486329711433,0.0764032577823261,-0.006312332820046739,-0.5813941826979233,0.7506826686296668
1.4391699525985877,0.3825777235424145,-0.5416941612981346,0.9402023663835696,-0.40543656389200217
0.6339715207122862,-1.4312840990366271,3.0148895105911824,-0.520341781395151,-0.12883543383743518
-0.28387617259187936,-4.0061297691989575,1.5583894705562193,-0.7859647445369442,2.1279643512323467
0.4411442593055998,-0.447083908398533,0.590672773989564,0.0714008263241222,0.7366388136637568
1.5900118432362351,2.425727598597482,-1.8815567789771264,0.3341925019307389,-0.7490740256158698
-1.7512364922306665,1.380302178982593,0.3605127361289071,-1.2670018134153307,-0.35875351848271714
-0.8459525142583751,1.1076988739609106,1.8589290762024937,0.42939298646948904,-1.5405265175792655
-0.3561008003844686,-0.8798860965352464,0.6890313422071039,0.024778841219072152,0.7680763865027974
0.1744474510046249,-0.8636108519024457,1.2775426854484442,0.6495245432984682,-0.7055684628554081
-0.8526536338261924,-0.18218480861789757,0.8147508028511585,-1.7172917534469887,1.119403386319685
-1.1272570989591777,0.8162496699427721,1.7578076292040568,0.2579550033327932,0.3243736516936283
-3.6485333978701355,-1.4786400699201108,1.2114261839928706,1.0571350843501057,-1.4761418721189945
-3.0844625821971854,0.008602369042986802,0.017599484531749938,-1.8191051762919177,-0.3910338955686519
1.7138462689887934,1.0717561417758994,-0.19012324144909673,-0.16356770796063363,0.3210500841657444
1.045581757770888,-0.8626810417016986,-1.0443602367279707,0.49617954884548227,0.7404385217947095
-1.4655538015028913,-0.9372845010440253,1.0212185838279404,0.46663593632541495,2.128764241981084
-0.6428439488345763,-1.476146254273461,-2.107803155297072,-2.896122744958139,-0.8642918094590917
-1.6589062640379675,-0.8301953025036917,2.408740797121561,1.252850237213253,0.5428044076434136
0.143322283643097,-1.026122974931016,2.0553665962638994,1.8270428812097859,-0.03517019472488623
-2.7416949467262963,-1.274338244364758,-0.6841239444512938,0.2181680367206541,-0.2713364612315096
0.01759574089342513,-0.3005360979818005,2.0918850684906927,-0.4888694845434984,-0.20155004542176957
-0.7623122598434513,0.4606003875467566,-0.7268413890836868,-0.8393858538846494,-0.3740030455962919
-1.7069358228760942,0.24661791786733753,1.649038916062233,0.27969094600098127,1.8481167550361994
0.6081051586172805,1.3554565035140358,-0.8010904757309495,-0.7715000660119228,-2.6036656178541744
0.11674805730554211,0.5301452505025248,-1.055828894197571,1.530145277960194,-0.765741549748925
-0.7262001030435598,-0.48009812064062934,-0.6472969735199406,-1.5193910324656736,1.236948095264446
-1.1674060703524751,2.1864693192968994,-1.6613539162613096,1.7611858589450715,-0.25553967348738343
1.3650430542850647,1.1517681418712649,-0.242817114851634,1.0934119659323538,0.5256778783951054
-0.30831916027991874,-0.1838677244792928,-1.1335158510011227,0.4943487973278254,-0.9553888555181872
-1.6195754601744963,-1.6459504053950016,0.6597427556217046,0.3301574542323607,-0.2382801633363155
1.9364030695727716,-0.04789435165062123,1.1183220383174959,-0.1586928677854214,0.12398108964170029
0.025307394488685186,1.4568222276181177,-1.0646898965722453,1.3373673284964191,-0.5894846929026839
1.1717814018349813,-0.3809022019672903,-0.6671385836850476,1.7242906183942688,-0.9895841814997399
1.3449621331151067,-0.10172534133452643,1.854770887284894,0.3928927199924053,0.2596182002993155
-0.741326261293554,-0.7462387225354903,0.6269971962841595,0.40808334458954526,0.012274606687877984
1.8276938111866816,0.8217932338563158,-0.13530914658710813,-1.164499471602604,1.2448158196564165
0.052674296152031036,0.4913293278482816,2.9674340847619036,0.16873202837093312,-1.336947848459281
0.23609394140081588,0.38975867594152247,0.2622893829190406,-0.020811203632826233,-1.112207819073777
-0.42843640464281657,1.4782728361918056,-0.3359312304511866,0.670485035141555,-0.7718383741591208
0.735803409915959,0.8036055699653458,1.0890592719408294,0.8906766638653579,-2.5190387740158386
0.34230468102964895,0.6846247695117523,-1.5228224355613322,-0.7801392049458834,-1.104523521250792
2.2132594308555307,-0.1056235756364193,-0.5849509618636217,2.2103817208417156,-0.9239923335644731
-0.353262985760508,0.19261693488113749,0.2482310075437357,1.7244703928848566,-1.6031541883068747
1.04250862420088,-0.1360725030210552,0.7497223819848858,0.8741486707098453,-0.2728473137602727
0.5017616527592343,0.8542187443030761,-1.0847309365426168,-0.7716090891547358,0.06314964868494434
-0.4226621766103307,0.17832374680720472,-0.04886430118073261,1.2362540420447128,0.22170973736023222
0.733937694577256,1.3271500507628353,1.3421337276700758,1.4302829748463826,0.6708375644116301
-1.1745004353677906,1.1000781338455712,-0.011384818489201764,1.6232489419118274,-1.0662706979951164
-0.7652724561615529,2.420125033087615,0.2809818601549762,-0.35665188327339026,-0.15166961901326814
-1.1361641617047935,1.961221028830064,-0.6891911545460592,0.24258065263364656,-0.7884402754807991
1.2129021866349434,0.6252609990310316,-0.16389374351902966,0.7498082817522829,1.3326533212068883
-0.477411006246058,-0.7995916636917887,0.7490746876450676,-1.6781506730681748,0.012792857665939744
1.6207896671797866,-0.9185881756385258,-0.8075900046976304,0.2532189392531001,-1.2520820350016386
0.33801772769870264,0.22669768305917798,0.0455189163278618,1.3380146933096917,0.7951296976789681
0.7070656817293706,-1.6530463268815396,-0.27768203926499285,0.5416018253083855,-1.1148351443143725
1.4084225191915236,-0.2533313201571151,1.594499456336866,-0.5316956720748888,1.6442452576951114
1.3397878204479372,-0.0016752251623560522,0.09744930932732028,-0.4370393384719697,-2.3494146464245014
1.5941765693618102,-0.43336905810725873,-1.3853273430938595,0.42104594658232103,1.5327322385245221
1.8333581115908755,-0.4126278517310067,1.31460731705826,2.361633966516123,0.8437223768761838
1.2818436482946456,1.5623035424382758,-0.10394785804681687,-0.5044174739307379,-0.592469253654321
2.7492885847728226,-0.46429719101775196,0.7102785681466968,-0.8468713795487594,1.198987707711483
-1.9677514851616476,1.1657662744859993,-0.4295096219716052,0.30407026669795023,-1.0932119851611157
-1.4597848217345881,-1.2352498988199125,-0.969722443368977,-0.40701225784100525,0.17298991457268423
-1.3645205811240617,-0.5569694971934254,0.8869280527701509,0.7041619748518104,-1.7615436344172568
0.9501139589004564,-0.5871361719851116,0.08255407435098852,-1.258427436146607,0.4358718255176391
-0.6856243972922508,-0.39887084810416984,-1.7063509051687995,0.47880070370108685,-0.49192227403645705
-1.9495993419032303,0.9403949774775797,-0.1982670581261273,-1.7603833333748677,-1.500287571306909
0.3025575991710735,0.13799355002889394,-0.7043316376005975,-1.084367481795099,-2.7136824104539397
-1.8559988375056127,-0.8447249687921935,-0.7741398361692668,-0.44578539420797375,-0.35570605559837215
-1.359587753990532,2.3825110518662007,0.6103398492339531,0.423434241302966,0.5702396637860566
1.0142243114643423,1.3936308819070053,-1.1240563637668943,1.5498119370863688,0.5696364103926058
0.38303152349274383,1.517696367301057,-0.7286733701116744,1.8591539190572928,-0.29920086698549725
0.4839332906744523,1.2981469542206752,-0.19176181771965833,-0.47207429462664796,1.221736234097187
2.35992907383743,-0.23526764671527495,-0.39911639987598413,-0.3839398657726615,1.1170298937127578
0.3909557870043383,0.9943953780086089,0.744008895077791,0.9018687453787156,2.743794015760897
1.5869806551556975,-0.6482278291542931,0.2699598515788254,0.8694508522727236,-0.38966434064827477
-1.0708589078632842,-1.0286592810235875,-0.7309018295079069,1.0004510114671195,0.857280254385629
-0.011534140363304878,-1.1336721235674858,-0.39482258509951124,-1.9568428580313355,-0.23935505314859604
-1.6617955198999323,1.6579233421806772,-1.3255144141001722,0.2922021544699564,-0.5244789814044134
0.511516042062361,2.826690722195318,0.6832430433437914,-1.3940909587172186,-0.9848341801462627
1.879108432255112,-0.6991665744189572,-1.895125763092952,2.1748629478393786,-0.8121594028257861
1.9115628630491777,1.2688942708002853,0.5868242191068384,0.4658001905738356,-1.9865437667894705
-0.6625457734757749,1.0750064638578432,-1.6786325109648108,1.4960989145860426,-0.10926017725660292
-0.44137318619987287,-1.5213434438905196,1.6747583859651616,0.37818221236081784,1.171652714865202
-0.04034039554275069,1.143178632969101,1.00454504484974,-0.810421441872591,1.3200158472340497
0.15921243397641155,2.6485016584440837,0.1259218516299325,-0.11981296197961866,0.7693102565055274
-0.3757543615333994,-1.7921235195159564,-0.10268230876609619,0.2410586192390889,-0.7094222961029064
2.9741107676333907,-0.45596214464363444,0.12556201882392318,-0.0003791056709252505,1.0601909361405688
1.5927119379613843,-0.10384828751928254,0.4748475529766023,-0.7002471737301149,0.4185439817452671
-0.7308425905734005,0.1584957090884985,-1.4519971224677755,-0.49945885989074046,-2.7760927293894473
0.6741930140740569,1.2575089162020134,2.4303257345836857,-0.15568389420210593,-0.08599780277095569
-1.2212194140222332,-1.5907745101476152,-0.20759786596271587,0.5148212690172923,-0.8404304109269038
-0.7161242851329035,-0.2954426696452347,1.4848311267863452,1.6191699786054838,0.6065006658860324
-0.9485556247832808,-1.528839788269699,0.027417249629183203,1.0479607323647322,1.6730165694557264
-0.7271921495366589,0.026486792540881432,1.652966685106297,1.2562740641011436,-0.5047663481012666
-0.4937749567930244,1.784147692636345,3.363137406688591,-0.10386581997647336,0.08531612699210077
2.9334752621852505,-1.4435926132606376,-0.7009770883719472,0.8279277088893932,-1.0376992702373808
-1.2480158187929726,0.7307002443711833,-0.6943569573011554,-0.8224185420084419,1.0578727880141496
2.748495549824845,-1.8258082374336564,0.4530640288957011,-0.010104304170190703,0.5966774688571804
3.0079505592366154,1.4757491062562191,-0.9605102363906488,-1.4290057885013325,0.3101940100433178
1.3167100750416723,-1.0703196055403055,-2.0505871820596937,-1.0424291156922056,-0.768799476315767
-0.4451947562307771,0.7390961205484693,0.7997410590003606,-2.3349018297338437,-1.1318284567544958
-0.3348129726920635,0.21901075878115744,-0.9440450761854262,1.090242904677587,-0.07735551495319275
1.2048969571470634,0.7832958908108129,-0.731794205927892,0.30957132570582785,-1.596832896077393
2.240604394288012,0.777836564125178,-0.1683751735539268,-0.39516148313822347,-1.507068643957498
-0.6191784295823484,-0.9008327115295016,2.16652734715051,1.3800738253438825,-0.10196707060628123
-1.4770028448658135,0.9910305661061709,-1.7786440919943958,1.608623074167589,2.362751691366635
-2.3043098728144233,-0.6474928498586042,-0.2635877934257803,-0.2558704114745148,-0.5654638116250169
0.011406747138814628,-0.9699345948415833,-0.3749115964221367,-0.014567892228869395,0.9296505965899089
-1.0381740380498163,-0.5627513459817265,0.6610240056711686,-2.677480799010409,0.4172037325728111
1.4638749523343935,1.4080279822814465,0.607791733655487,0.4601914360594268,-1.0802775468733825
0.6763807194677101,-0.35510209647304136,-0.7984836493855997,0.1847478787396672,1.188595136811607
-1.343966024608525,0.22642733059182504,-0.8686597372809495,1.1951724209836514,-0.11093002108717302
-1.0510384614376023,0.8114779435229162,-0.03294089861693962,1.7901981328783436,-0.5889726578875032
-0.5264356273552053,-0.7053845706460323,-1.7387426042422005,0.34333675921428813,0.7235805394548773
-0.7711915858007333,-0.3695383478903357,-0.4249793022858021,0.6389427487723092,0.5602224771064711
0.6677354595548205,-1.483990386266641,-0.6702085970038599,-0.3476679429952984,-0.4644043762534425
-2.4162756779804764,-0.050821966442802714,-0.1139637737000213,-0.16873307036822965,0.4548576404467839
2.4085372803506444,0.013399756137082046,-2.6898599190269374,-1.1773858777035318,0.37693616580795
2.702881588207543,0.3379793439027294,1.4291206466342414,-0.2796961155680636,-1.4700701109335226
-0.9302489359019662,0.5455843148557954,-1.3669194750313507,-2.433568487141744,-0.18922697981534561
-1.4786608243228299,-1.8342026478321187,-0.8689967850460727,0.9075581857084126,1.1979906259319442
1.5817915449462172,0.6444694298006922,-0.23979885535933995,-1.1851533913880223,0.14157013611784
0.2545927175583368,-0.9126277914172221,0.039812444796207234,-0.4579695397206926,-0.22906317633172682
-1.216670450512587,0.3497731165530662,1.3739340017114317,-0.262589058958162,-0.7869387104845209
1.2005581783060848,0.006530279471713109,0.45752357177112885,0.856239798956505,0.028453299656693642
0.029652123609722712,0.04892624106413187,2.2389190836255923,-0.3783717899287081,1.6255395675957731
0.8081582399426365,-0.4027831644627304,0.5583661473351246,0.8981183921013114,-0.11776301727958619
0.12532650349172547,-1.3487257324390085,-1.1943643819101668,0.2450192488510855,-0.311109209218494
1.9249778179732169,0.17908746676109877,-0.48335894986819833,1.424650344688253,-0.16357180218058892
3.1966409812462153,0.5963396804967057,1.1546398472788706,-0.5590015107654919,0.08056689742854913
0.997406042618261,-1.964952080715531,0.23771241935064377,-1.9073816778471693,-0.14998186086836282
-3.291621605645741,-0.21809331496530213,-0.48988763588215495,-0.6904119140624295,0.09410612011286579
-1.1200053340589855,-1.939011441584291,0.04924353575078157,-1.3639082534636167,1.047913391485843
-1.0886459079258177,0.9164105529144524,0.17290468833647418,0.48918749110437587,-1.564837194288736
0.38843752959987615,0.8063242355123967,-0.11167360620515109,0.6161795203362256,0.19973508294550402
2.6041799844180806,1.430941052164073,-0.041494607836774174,-0.38862583524862354,0.02291397422054065
-0.27086833374955177,-1.056171134508382,-1.643071131914023,3.287432839806959,2.4904010716645995
2.8332338891750903,-1.9231649703922775,-0.34388277210525636,0.669375751173126,0.7725539731884362
-0.7702251151650021,0.361616076878427,-1.4085205264188414,0.2184623349151516,0.015428523457822366
-0.2599649176968169,2.4438282507779503,1.372141122721898,-1.0315149644758306,-1.9638208461245699
0.7336665887784799,0.49931518399749986,2.348694881912455,1.1181442810582933,1.4751604880345732
-0.12415187404597686,-0.19755828854900348,-1.0895893162054104,1.405979337538795,0.762031971138285
-1.1992313462797315,1.115614577378112,-0.2876292699768351,0.18469116658019918,-1.4036997876624948
-1.0248016461641747,0.36604279203853307,0.5273806504098716,0.9798996637339296,-1.376049490464813
1.059995564103331,0.6413727110075773,2.3340816091978005,-0.927587238109972,0.5803417277858881
0.27309582463580306,-1.1189794847658576,-2.164553499098693,-1.6017219031739962,-0.5395072286359038
2.6540561789882933,-0.9458847717422391,-0.5334145969972045,-0.6181459626298854,-0.018219886517249425
2.5719441035163473,1.118473713152127,-1.5503935668974076,0.3870237543217889,0.3184001278808384
-0.27735790826385054,1.8157601071324059,-0.4088383418065645,-0.1675794614086777,-0.4639752691487082
-1.056829651246552,-0.5484982986077969,0.36270260775209096,0.1352246469677713,1.2252894899070434
-1.888330661448566,0.5471249908989921,1.0435318737075359,0.38098825648975865,-0.2900583574081918
-0.574721084939528,-0.33964259246417455,1.025731455920817,0.05000927077077438,0.06614116978679233
0.7322407559138973,0.1356090697547808,-0.2816686093728434,-1.1817237864324417,1.632807902478044
-1.7481297826698265,-1.2096398865000866,-0.015799608436055858,-0.9534944227627529,0.6415686840582069
-1.1075599131838056,0.1220663869036008,-1.0547490419815257,-0.7848498340621,0.5281273904928121
-0.44704975131427527,0.646176750204018,0.1923261036839251,0.9711313630518438,0.3316898151478251
0.8345300715813596,2.448285254413403,0.503897272436489,2.138342161061162,-0.5022659244031534
0.5090515636300518,0.4116237346752428,-2.3169421628548292,-2.054533574137021,1.592643306473662
-0.5527998951774216,-0.520012933252148,-0.1957439587676443,-0.9664328536834277,1.7982604543988772
-1.2970374298640561,0.4475784087166632,-0.7537282250785603,-0.4603126171152438,1.5216268812717553
0.960053766673547,1.8360017716002015,0.2379792917959015,1.4765288824005776,-0.6095294635905153
-0.43301667969657354,0.9066767543948742,2.2066736802248106,0.13390687363120593,-1.4328941629490084
1.3715603116563408,-2.404973289802268,-0.9730391507607479,-0.9116492330444133,-0.992466200810378
2.1264835679655536,0.24689073870392825,1.8162043207334089,0.12038968473632673,-1.4881995891309119
0.5000726124437552,-1.5630548904397898,0.26316429277902,-1.8057226168571665,-0.4708119291553296
1.7924941773674996,0.3079068513310085,1.427733190980618,0.09951497445620228,1.9045947440335445
-0.45319085850301916,1.7513165716714028,-0.5201336260095634,-1.6748607363337857,0.30525924095446355
3.6119832970649624,-1.1464077037400089,-0.6096290345367869,0.09671068699701174,0.3141462064607824
-0.05132538292084959,-1.2235899199549074,0.12299650829861633,0.9383921243340535,0.6879177950293784
0.8223826639001505,0.1995617763612145,0.32818291189981197,-0.032693454781656764,-0.23020696591050208
0.9473867692138728,-0.652560339888365,-0.6943836505776858,-1.3411364493520532,-0.8357871247233726
-2.8566271508995036,0.0971163248148563,-0.20732110333436607,-1.3812842109922352,-0.4998345315541157
2.8950306427884014,-0.3211371867368915,-0.7005126606595679,0.556833444603982,0.4663515968162558
1.788026861856128,-0.1284149554103595,0.5476917147655073,1.1223590141348478,-0.24212572611631375
-0.5791537684752329,-0.12016517290624931,1.7325063280216395,1.2980073430155492,-0.40546134683318
-0.25098398318240117,-0.9424827214802605,-1.7530706632172772,-3.0069969776275896,-0.11798832220090165
-0.5291085578084332,-0.7887549739760303,-0.5865934664411396,0.7650678425606915,-2.5983436560553486
0.6617695175057923,-0.18936373891217384,-0.08912082373038921,-0.19328328910657983,0.06933074724997959
0.7419551058581394,1.2757261574283423,0.36804331722159717,1.3712533070281723,0.2601512242320707
0.5588531779155762,-0.9650004792305005,-1.627837355402725,0.5748357072429633,1.021045398347652
1.7710646397218874,-1.6125249300119286,0.020342001764299088,1.0246907171921131,-0.8333419575790528
0.1109849957799489,-2.1129762237454233,-0.8301507714770164,0.7104987924094518,0.2643610394595412
1.6972508930871928,0.1679646265124588,-0.7042523697483513,0.19341596318876983,-1.2442762890530397
0.5139308364831192,-0.6850076809460072,-0.16805490077917865,0.8849074620001885,-1.6462479804582826
0.4482721268423378,0.24618679906461288,0.35925347478554304,0.5188422221734041,0.14232948826802663
0.9823625853099411,-0.5476107715635486,0.2849419796418071,0.3588584441792063,-0.6052458414132078
0.6903523177384279,1.9296125275184006,-0.33129252946298743,-2.130334407869436,0.7530645019655056
0.5164347735901843,-0.5554745502108211,-1.1706495018007697,-0.5964251894653733,0.30273592420419104
-1.043541202592847,0.03592986235495537,-2.4644878687494884,2.0476543956064632,-0.7090468656655051
0.4166496711048476,-0.7315252865171399,-1.251275772354201,1.9255105091296758,0.2735453447764474
0.21295528456649415,0.6728367051691434,1.378723738790269,-0.20227626427219825,-1.1592089396463996
-1.491749109975991,1.4778019853981883,-0.6840806300162922,1.3812438675617165,1.7308082872373958
2.248516796935036,-0.2907294415799613,1.5553392280416396,-1.2133832306247574,-2.089311575877573
-0.3441248273934195,1.2107926441483126,0.7478876673644062,-0.810605365786286,2.773574234320556
0.8557801454943919,0.3817971793490551,0.0666158028475304,1.4283040856751599,2.4701834147101143
-2.1179093276606604,-1.4432757027951042,-1.4166293873094333,1.1499740159485219,1.6409435525782423
0.8972251093917797,-1.793324583237379,1.5908999962805817,0.3250524636155185,-0.40016413534213147
-2.430861181864805,-0.2838882063553647,-0.29799003504895216,0.14552464263761472,-0.7150086714603897
-2.8016197106336223,1.5323819404237022,-0.9788466773352362,-0.41198052181676476,0.7083751229446973
2.7179268962213907,-0.9213491324939548,0.5737469285073065,2.239485975159552,0.2190521299112233
0.14203964146507075,1.2489291804044864,-1.222203522835979,-0.23000627166869245,-0.19677189044591495
-0.4800521690492085,0.744444350173792,0.11945252158715594,-1.3768526228732252,1.4213340804316104
0.6057900721467626,-1.4571094010901444,0.6185565218254128,0.10941224616354157,0.6815163662761778
1.9436865462016857,1.0606673208807291,-1.2023076211060781,1.55954770315937,-0.42092627364652296
0.8088740500345554,-0.1596843528626479,0.37837772624482885,0.29075910962736523,1.1333542076490353
0.6060755902775231,-0.9997263474057857,0.3648255065132071,1.0466721909187917,-1.1220060226864939
1.421069205105888,-1.4366405759870877,0.25334488872963923,-0.4069001676630902,-0.17683235206563072
-0.4053165053707627,-2.5671305481727402,0.36440102184654055,0.1904280899019402,1.0871550600715376
2.4095745070239043,-2.476001883011614,0.5641339066144047,0.3404212636649609,0.3895416619581754
1.2717363965398822,-0.5202096197549941,1.318769537074804,0.4602616364034212,-0.2049542856461043
-0.28207078946398134,-0.702556364109484,0.4695680685062772,-1.8197811234187413,0.26838713483122095
1.8721706670469147,-0.09675987628644561,2.222734780100081,0.24167159532581528,0.6787559126804714
0.4849827412434021,-0.8831284581566863,0.7147761513572564,-1.0517004528361733,-0.0795269046293645
1.5333232840467828,-0.003227563332152493,0.9324236278769282,0.7219072255820734,-2.4995900379183524
-0.30678121625278076,-1.1523079553779125,-1.0155555181226148,0.5363707260875401,0.9299932745532109
-1.9189411270966823,-1.6776112886549785,0.5392251447681871,0.6007167955829424,-2.1679551640385513
-1.3896718508035182,0.0051023450809149174,0.6224795182594227,-0.37229064204256634,0.9258047737969655
1.8127546288198462,-1.886665740241032,0.5147599668713052,1.4754487473997528,0.3996522617461474
0.49415565857923704,-0.9413920423826406,-2.28934374299502,0.46753724389047185,-1.314419649137718
0.6057237300835345,-0.94144541572653,-0.42901543489409855,0.5877178205183835,0.28415955834966633
0.5952307938026927,-0.43516241589643756,0.08985022637864062,0.6736859993009293,-0.11657820001675771
-0.3106996605925116,-1.7866714053325146,-0.6653874181978775,-1.31188085446699,-0.7671347023128378
-0.2874684317633585,-1.0784303730547895,-0.0005817816733660094,0.7470764785902134,-1.4299643647502231
-2.3434361988558767,-0.8700310368296483,0.6456881231632096,0.6892678406797124,-0.6849840433300347
0.3955420268198681,-0.5976580889671493,0.20144764300090404,0.29514209412063447,-0.6455670319577116
0.16015146314279488,-1.4152462548600815,-0.4377812238290771,0.771646131363093,0.8109282698509472
-2.624906665402757,-1.7972594990158068,-0.34723842829359747,-0.011886975230679664,-0.657968476352868
-2.388018485106814,-0.1213894103163593,-0.6599274739705138,1.1405102379005188,-0.29815121185344423
-2.3847519511970012,-0.9322900016080922,2.081693567302666,-1.1332394621780744,-1.531337796321248
2.501173687876322,-1.6943756105976442,-0.6606429830115207,1.7862367594154602,-0.46283399015426124
0.3651019827686638,-0.37401350812059414,-0.2590330828979671,1.0385865219770831,0.07096031026854054
-3.8787963984909686,0.22393737989275073,-2.293837756499521,-0.5302935586214029,1.2731118771628063
-0.43389211763004976,0.20770698373103832,-0.12726139311113244,0.6430600246410236,0.9123175767439645
0.9020165847682798,-1.7103156831141253,1.147710938899981,0.09175211277213399,-1.425462392366082
0.047696809653766145,0.14287912136785438,-0.3052531239161215,1.777078137696312,1.23935883513173
0.04229171050815636,0.8068061640338698,-0.8544151238381741,1.3425651267207686,1.1888596324299063
-1.9422936369548045,-0.974232747729707,1.1659913843574365,-0.6434461333001871,0.7698491302322483
2.3680076640374152,0.8201531147697393,-1.4970168550281218,-2.0694159120418067,-0.07245321571703814
-1.5896026212707832,0.0829793583100302,0.21575933822324397,0.18272547026719677,-0.17094132366913434
-1.8100531340953816,-1.7463599567260863,1.5536666426025334,2.453034090057692,-0.8760736512412822
2.7687053965831994,0.5233466939086955,-1.4056569959039635,0.6447696829987433,0.18711857379364547
0.4320887886524232,0.9619243728977235,0.5004145411806245,1.1071984010505647,0.7679469739209441
1.7047366566409248,1.5395320301854682,-0.5590977768896358,1.782282694225257,-1.8931585382903844
-0.7984787451471823,0.8916936585503986,-1.5156330853718518,-0.2593827413049631,2.2637889299481038
-0.5649848554736677,-1.489528009561249,1.2058457954652262,-1.0889060225663536,0.49663189278610276
1.056615860872562,2.9461292930184055,0.24023597864677618,0.45651538922687546,0.48302237526579767
-1.973502277262502,0.7128323073352226,0.843921538678193,-0.5188366916349897,0.9227002987859073
-1.0410665493760958,1.0429050688702157,-0.8335893973684123,-0.2913395556799609,-0.5576937448752447
-0.6433110423475037,-0.5457346863497765,-0.8443526432481854,-0.15235886563074974,0.7471937642315076
-0.7281401658747836,0.7595604860136745,-2.40887130891949,-0.24008475229170378,-0.6183497448180142
0.010643443677048881,-0.32095592187303734,0.7186359706531369,0.8789445463557064,0.4097727507227416
-0.012673139379976961,1.6314208022480097,-0.8843977373285558,1.1223592332835575,1.3200226765390428
-1.1242254650244916,0.2354617381596991,0.5394866304567619,-1.0068181593610819,-0.2547692956865566
-0.7954382383774024,0.8775883937011416,3.19222969635909,0.3026612185718151,-0.02620876371185344
-0.03608375015613701,0.14372983906958406,0.41015511337218463,-0.5389898273119267,-1.367950067659239
-0.5125661009214285,-1.6691237266413665,-1.2355691742643788,-1.1057327791471467,0.2060769452142649
-0.3319090389709049,0.737610639763214,-0.6240919238681517,-0.8887634246046241,0.16682666750909678
